

insert into Reader values('R061101','123456','李勇','男','21','广东财经大学','学生')
go
insert into Reader values('R061102','123456','刘晨','男','20','广东财经大学','学生')
go
insert into Reader values('R061103','123456','王敏','女','20','华南农业大学','学生')
go
insert into Reader values('R061104','123456','张小红','女','35','广州地铁','部门经理')
go
insert into Reader values('R061105','123456','张立','男','26','广州科技有限公司','产品经理')
go
insert into Reader values('R061106','123456','吴宾','女','25','唯品会','HR')
go
insert into Reader values('R061107','123456','张海','男','30','广州生物技术有限公司','CEO')
go
insert into Admin values('A00001','123456','钱小平')
go
insert into Admin values('A00002','123456','王大力')
go
insert into Admin values('A00003','123456','张姗姗')
go
insert into Shopper values('S00001','张三','男','27')
go
insert into Shopper values('S00002','王姗姗','女','29')
go
insert into Shopper values('S00003','张敏','女','30')
go
insert into Book values('B00001','从你的全世界路过','张嘉佳','湖南文艺出版社','33','浪漫文学作品','文学艺术','200','200')
go
insert into Book values('B00002','童年','高尔基','译林出版社','22','推荐读物','文学小说','110','110')
go
insert into Book values('B00003','小时代全集','郭敬明','长江文艺出版社','40','包括小时代多部小说','文学小说','80','80')
go
insert into Book values('B00004','边城','沈从文','长江文艺出版社','36','沈从文的名作之一','文学艺术','100','100')
go
insert into Book values('B00005','舒婷诗','舒婷','湖南文艺出版社','32','诗歌代表作','诗歌文集','130','130')
go
insert into Book values('B00006','傲慢与偏见','奥斯丁','译林出版社','23','推荐读物','文学艺术','120','120')
go
insert into Book values('B00007','雾都孤儿','狄更斯','中国对外翻译出版公司','24','推荐读物','文学艺术','100','100')
go
insert into Book values('B00008','基督山伯爵','大仲马','中国画报出版社','30','推荐读物','文学艺术','50','50')
go
insert into Book values('B00009','数据库概论','王珊','高等教育出版社','39','高等教育教材','高等教材','220','220')
go
insert into Book values('B00010','世界地理百科','刘文义','中国地理出版社','35','地理百科知识','自然科学','140','140')
go
insert into Shop values('S00001','B00001','2016-11-11');
go
insert into Shop values('S00001','B00002','2016-11-11');
go
insert into Shop values('S00001','B00003','2016-11-11');
go
insert into Shop values('S00001','B00004','2016-11-11');
go
insert into Shop values('S00002','B00005','2016-11-11');
go
insert into Shop values('S00002','B00006','2016-11-11');
go
insert into Shop values('S00002','B00007','2016-11-11');
go
insert into Shop values('S00003','B00008','2016-11-11');
go
insert into Shop values('S00003','B00009','2016-11-11');
go
insert into Shop values('S00003','B00010','2016-11-11');
